minute,invocations_per_minute,minute_offset,rps
2021-02-02 01:40:00+00:00,149,0,2.4833333333333334
2021-02-02 01:41:00+00:00,228,1,3.8
2021-02-02 01:42:00+00:00,217,2,3.6166666666666663
2021-02-02 01:43:00+00:00,118,3,1.9666666666666663
2021-02-02 01:44:00+00:00,187,4,3.1166666666666667
2021-02-02 01:45:00+00:00,97,5,1.6166666666666667
2021-02-02 01:46:00+00:00,185,6,3.083333333333333
2021-02-02 01:47:00+00:00,104,7,1.7333333333333334
2021-02-02 01:48:00+00:00,130,8,2.1666666666666665
2021-02-02 01:49:00+00:00,96,9,1.6
2021-02-02 01:50:00+00:00,140,10,2.333333333333333
2021-02-02 01:51:00+00:00,136,11,2.2666666666666666
2021-02-02 01:52:00+00:00,76,12,1.2666666666666666
2021-02-02 01:53:00+00:00,75,13,1.25
2021-02-02 01:54:00+00:00,128,14,2.1333333333333333
